iteration,omega,theta,xi,rho,likelihood
0,0.2,1,0.5,-0.2,-31476.8
1,0.2,1,0.5,-0.2,-31476.8
2,1.2,1,0.5,-0.2,-25042.7
3,-1.41803,1,0.5,-0.2,73741.5
4,0.2,1,0.5,-0.2,-31476.8
5,-0.418034,1,0.5,-0.2,47100
6,0.581966,1,0.5,-0.2,-28021
7,0.357766,1,0.5,-0.2,-29813.9
8,-0.036068,1,0.5,-0.2,41235.3
9,0.10983,1,0.5,-0.2,-22832.5
10,0.260261,1,0.5,-0.2,-30818.6
11,0.165558,1,0.5,-0.2,-31786
12,0.144272,1,0.5,-0.2,-31867.5
13,0.134159,1,0.5,-0.2,-31840
14,0.145744,1,0.5,-0.2,-31867.1
15,0.144452,1,0.5,-0.2,-31867.5
16,0.144385,1,0.5,-0.2,-31867.5
17,0.144385,1,0.5,-0.2,-31867.5
18,0.144385,1,0.5,-0.2,-31867.5
19,0.144385,1,0.5,-0.2,-31867.5
20,0.144342,1,0.5,-0.2,-31867.5
21,0.144368,1,0.5,-0.2,-31867.5
22,0.144379,1,0.5,-0.2,-31867.5
23,0.144382,1,0.5,-0.2,-31867.5
24,0.144384,1,0.5,-0.2,-31867.5
25,0.144385,1,0.5,-0.2,-31867.5
26,0.144385,1,0.5,-0.2,-31867.5
27,0.144385,1,0.5,-0.2,-31867.5
28,0.144385,1,0.5,-0.2,-31867.5
29,0.144385,1,0.5,-0.2,-31867.5
30,0.144385,1,0.5,-0.2,-31867.5
31,0.144385,1,0.5,-0.2,-31867.5
32,0.144385,1,0.5,-0.2,-31867.5
33,0.144385,1,0.5,-0.2,-31867.5
34,0.144385,1,0.5,-0.2,-31867.5
35,0.144385,2,0.5,-0.2,-31603.7
36,0.144385,-0.618034,0.5,-0.2,-23675.6
37,0.144385,1,0.5,-0.2,-31867.5
38,0.144385,0.381966,0.5,-0.2,-30589.2
39,0.144385,1.38197,0.5,-0.2,-31986.3
40,0.144385,1.27945,0.5,-0.2,-31987.7
41,0.144385,1.32486,0.5,-0.2,-31989.7
42,0.144385,1.32409,0.5,-0.2,-31989.7
43,0.144385,1.32365,0.5,-0.2,-31989.7
44,0.144385,1.32364,0.5,-0.2,-31989.7
45,0.144385,1.32364,0.5,-0.2,-31989.7
46,0.144385,1.32364,0.5,-0.2,-31989.7
47,0.144385,1.32364,0.5,-0.2,-31989.7
48,0.144385,1.32364,0.5,-0.2,-31989.7
49,0.144385,1.32364,0.5,-0.2,-31989.7
50,0.144385,1.32364,0.5,-0.2,-31989.7
51,0.144385,1.32364,0.5,-0.2,-31989.7
52,0.144385,1.32364,0.5,-0.2,-31989.7
53,0.144385,1.32364,0.5,-0.2,-31989.7
54,0.144385,1.32364,0.5,-0.2,-31989.7
55,0.144385,1.32364,0.5,-0.2,-31989.7
56,0.144385,1.32364,0.5,-0.2,-31989.7
57,0.144385,1.32364,0.5,-0.2,-31989.7
58,0.144385,1.32364,0.5,-0.2,-31989.7
59,0.144385,1.32364,1.5,-0.2,6237.95
60,0.144385,1.32364,-1.11803,-0.2,-32071.4
61,0.144385,1.32364,-0.310747,-0.2,-31941
62,0.144385,1.32364,0.5,-0.2,-31989.7
63,0.144385,1.32364,0.881966,-0.2,-8943.28
64,0.144385,1.32364,0.190322,-0.2,-32128.6
65,0.144385,1.32364,0.342572,-0.2,-32143.9
66,0.144385,1.32364,0.280828,-0.2,-32147
67,0.144385,1.32364,0.296568,-0.2,-32147.8
68,0.144385,1.32364,0.300092,-0.2,-32147.8
69,0.144385,1.32364,0.30158,-0.2,-32147.8
70,0.144385,1.32364,0.301402,-0.2,-32147.8
71,0.144385,1.32364,0.301395,-0.2,-32147.8
72,0.144385,1.32364,0.301395,-0.2,-32147.8
73,0.144385,1.32364,0.301395,-0.2,-32147.8
74,0.144385,1.32364,0.301395,-0.2,-32147.8
75,0.144385,1.32364,0.301395,-0.2,-32147.8
76,0.144385,1.32364,0.301395,-0.2,-32147.8
77,0.144385,1.32364,0.301395,-0.2,-32147.8
78,0.144385,1.32364,0.301395,-0.2,-32147.8
79,0.144385,1.32364,0.301395,-0.2,-32147.8
80,0.144385,1.32364,0.301395,-0.2,-32147.8
81,0.144385,1.32364,0.301395,-0.2,-32147.8
82,0.144385,1.32364,0.301395,0.8,-30840.7
83,0.144385,1.32364,0.301395,-1.81803,nan
84,0.144385,1.32364,0.301395,-0.2,-32147.8
85,0.144385,1.32364,0.301395,-0.818034,13283.8
86,0.144385,1.32364,0.301395,0.181966,-31959.2
87,0.144385,1.32364,0.301395,-0.0123539,-32095.7
88,0.144385,1.32364,0.301395,-0.23093,-32144.5
89,0.144385,1.32364,0.301395,-0.184828,-32147.9
90,0.144385,1.32364,0.301395,-0.191319,-32148
91,0.144385,1.32364,0.301395,-0.191243,-32148
92,0.144385,1.32364,0.301395,-0.191289,-32148
93,0.144385,1.32364,0.301395,-0.191288,-32148
94,0.144385,1.32364,0.301395,-0.191288,-32148
95,0.144385,1.32364,0.301395,-0.191288,-32148
96,0.144385,1.32364,0.301395,-0.191288,-32148
97,0.144385,1.32364,0.301395,-0.191288,-32148
98,0.144385,1.32364,0.301395,-0.191288,-32148
99,0.144385,1.32364,0.301395,-0.191288,-32148
100,0.144385,1.32364,0.301395,-0.191288,-32148
101,0.144385,1.32364,0.301395,-0.191288,-32148
102,0.144385,1.32364,0.301395,-0.191288,-32148
103,0.144385,1.32364,0.301395,-0.191288,-32148
104,0.0887698,1.64728,0.10279,-0.182577,-31353.9
105,0.144385,1.32364,0.301395,-0.191288,-32148
106,1.14438,1.32364,0.301395,-0.191288,-26104.4
107,-1.47365,1.32364,0.301395,-0.191288,67960.1
108,0.144385,1.32364,0.301395,-0.191288,-32148
109,-0.473649,1.32364,0.301395,-0.191288,157293
110,0.526351,1.32364,0.301395,-0.191288,-29111.8
111,0.322729,1.32364,0.301395,-0.191288,-30692.8
112,-0.0916831,1.32364,0.301395,-0.191288,216234
113,0.054215,1.32364,0.301395,-0.191288,-12621.9
114,0.212506,1.32364,0.301395,-0.191288,-31697.7
115,0.109943,1.32364,0.301395,-0.191288,-31998
116,0.147526,1.32364,0.301395,-0.191288,-32140
117,0.139042,1.32364,0.301395,-0.191288,-32155.9
118,0.127927,1.32364,0.301395,-0.191288,-32143.8
119,0.136964,1.32364,0.301395,-0.191288,-32156.8
120,0.136408,1.32364,0.301395,-0.191288,-32156.8
121,0.136545,1.32364,0.301395,-0.191288,-32156.8
122,0.136549,1.32364,0.301395,-0.191288,-32156.8
123,0.136549,1.32364,0.301395,-0.191288,-32156.8
124,0.136549,1.32364,0.301395,-0.191288,-32156.8
125,0.136548,1.32364,0.301395,-0.191288,-32156.8
126,0.136549,1.32364,0.301395,-0.191288,-32156.8
127,0.136549,1.32364,0.301395,-0.191288,-32156.8
128,0.136549,1.32364,0.301395,-0.191288,-32156.8
129,0.136549,1.32364,0.301395,-0.191288,-32156.8
130,0.136549,1.32364,0.301395,-0.191288,-32156.8
131,0.136549,1.32364,0.301395,-0.191288,-32156.8
132,0.136549,1.32364,0.301395,-0.191288,-32156.8
133,0.136549,1.32364,0.301395,-0.191288,-32156.8
134,0.136549,1.32364,0.301395,-0.191288,-32156.8
135,0.136549,1.32364,0.301395,-0.191288,-32156.8
136,0.136549,1.32364,0.301395,-0.191288,-32156.8
137,0.136549,2.32364,0.301395,-0.191288,-31611.8
138,0.136549,-0.294396,0.301395,-0.191288,-25484.6
139,0.136549,1.32364,0.301395,-0.191288,-32156.8
140,0.136549,0.705604,0.301395,-0.191288,-31453.4
141,0.136549,1.7056,0.301395,-0.191288,-32104
142,0.136549,1.46044,0.301395,-0.191288,-32167.3
143,0.136549,1.43559,0.301395,-0.191288,-32168.1
144,0.136549,1.43133,0.301395,-0.191288,-32168.1
145,0.136549,1.43056,0.301395,-0.191288,-32168.1
146,0.136549,1.43059,0.301395,-0.191288,-32168.1
147,0.136549,1.43059,0.301395,-0.191288,-32168.1
148,0.136549,1.43059,0.301395,-0.191288,-32168.1
149,0.136549,1.43059,0.301395,-0.191288,-32168.1
150,0.136549,1.43059,0.301395,-0.191288,-32168.1
151,0.136549,1.43059,0.301395,-0.191288,-32168.1
152,0.136549,1.43059,0.301395,-0.191288,-32168.1
153,0.136549,1.43059,0.301395,-0.191288,-32168.1
154,0.136549,1.43059,0.301395,-0.191288,-32168.1
155,0.136549,1.43059,0.301395,-0.191288,-32168.1
156,0.136549,1.43059,0.301395,-0.191288,-32168.1
157,0.136549,1.43059,0.301395,-0.191288,-32168.1
158,0.136549,1.43059,1.30139,-0.191288,24913.7
159,0.136549,1.43059,-1.31664,-0.191288,-32206
160,0.136549,1.43059,-0.508159,-0.191288,-31982.4
161,0.136549,1.43059,0.301395,-0.191288,-32168.1
162,0.136549,1.43059,0.683361,-0.191288,-6158.66
163,0.136549,1.43059,-0.00782737,-0.191288,-32116.8
164,0.136549,1.43059,0.147623,-0.191288,-32165.3
165,0.136549,1.43059,0.234225,-0.191288,-32176.3
166,0.136549,1.43059,0.23018,-0.191288,-32176.2
167,0.136549,1.43059,0.236589,-0.191288,-32176.3
168,0.136549,1.43059,0.237405,-0.191288,-32176.3
169,0.136549,1.43059,0.23737,-0.191288,-32176.3
170,0.136549,1.43059,0.237367,-0.191288,-32176.3
171,0.136549,1.43059,0.237367,-0.191288,-32176.3
172,0.136549,1.43059,0.237367,-0.191288,-32176.3
173,0.136549,1.43059,0.237367,-0.191288,-32176.3
174,0.136549,1.43059,0.237367,-0.191288,-32176.3
175,0.136549,1.43059,0.237367,-0.191288,-32176.3
176,0.136549,1.43059,0.237367,-0.191288,-32176.3
177,0.136549,1.43059,0.237367,-0.191288,-32176.3
178,0.136549,1.43059,0.237367,-0.191288,-32176.3
179,0.136549,1.43059,0.237367,-0.191288,-32176.3
180,0.136549,1.43059,0.237367,-0.191288,-32176.3
181,0.136549,1.43059,0.237367,-0.191288,-32176.3
182,0.136549,1.43059,0.237367,0.808712,-31182.9
183,0.136549,1.43059,0.237367,-1.80932,nan
184,0.136549,1.43059,0.237367,-0.191288,-32176.3
185,0.136549,1.43059,0.237367,-0.809322,5460.38
186,0.136549,1.43059,0.237367,0.190678,-32035.3
187,0.136549,1.43059,0.237367,-0.0033182,-32139.3
188,0.136549,1.43059,0.237367,-0.208238,-32175.5
189,0.136549,1.43059,0.237367,-0.179207,-32176.4
190,0.136549,1.43059,0.237367,-0.182488,-32176.4
191,0.136549,1.43059,0.237367,-0.182402,-32176.4
192,0.136549,1.43059,0.237367,-0.182418,-32176.4
193,0.136549,1.43059,0.237367,-0.182419,-32176.4
194,0.136549,1.43059,0.237367,-0.182419,-32176.4
195,0.136549,1.43059,0.237367,-0.182445,-32176.4
196,0.136549,1.43059,0.237367,-0.182419,-32176.4
197,0.136549,1.43059,0.237367,-0.182419,-32176.4
198,0.136549,1.43059,0.237367,-0.182419,-32176.4
199,0.136549,1.43059,0.237367,-0.182419,-32176.4
200,0.136549,1.43059,0.237367,-0.182419,-32176.4
201,0.136549,1.43059,0.237367,-0.182419,-32176.4
202,0.136549,1.43059,0.237367,-0.182419,-32176.4
203,0.128713,1.53755,0.173339,-0.173549,-32144.5
204,0.136549,1.43059,0.237367,-0.182419,-32176.4
205,1.13655,1.43059,0.237367,-0.182419,-26384.6
206,-1.48148,1.43059,0.237367,-0.182419,693809
207,0.136549,1.43059,0.237367,-0.182419,-32176.4
208,-0.481485,1.43059,0.237367,-0.182419,201445
209,0.518515,1.43059,0.237367,-0.182419,-29366
210,0.317986,1.43059,0.237367,-0.182419,-30881.6
211,-0.0995189,1.43059,0.237367,-0.182419,151730
212,0.0463791,1.43059,0.237367,-0.182419,-12199.9
213,0.205852,1.43059,0.237367,-0.182419,-31836.2
214,0.0476353,1.43059,0.237367,-0.182419,-12984.6
215,0.102587,1.43059,0.237367,-0.182419,-31893
216,0.152079,1.43059,0.237367,-0.182419,-32157.3
217,0.14113,1.43059,0.237367,-0.182419,-32176.8
218,0.13917,1.43059,0.237367,-0.182419,-32177.3
219,0.13913,1.43059,0.237367,-0.182419,-32177.3
220,0.139102,1.43059,0.237367,-0.182419,-32177.3
221,0.139103,1.43059,0.237367,-0.182419,-32177.3
222,0.139103,1.43059,0.237367,-0.182419,-32177.3
223,0.139103,1.43059,0.237367,-0.182419,-32177.3
224,0.139103,1.43059,0.237367,-0.182419,-32177.3
225,0.139103,1.43059,0.237367,-0.182419,-32177.3
226,0.139103,1.43059,0.237367,-0.182419,-32177.3
227,0.139103,1.43059,0.237367,-0.182419,-32177.3
228,0.139103,1.43059,0.237367,-0.182419,-32177.3
229,0.139103,1.43059,0.237367,-0.182419,-32177.3
230,0.139103,1.43059,0.237367,-0.182419,-32177.3
231,0.139103,1.43059,0.237367,-0.182419,-32177.3
232,0.139103,1.43059,0.237367,-0.182419,-32177.3
233,0.139103,1.43059,0.237367,-0.182419,-32177.3
234,0.139103,1.43059,0.237367,-0.182419,-32177.3
235,0.139103,1.43059,0.237367,-0.182419,-32177.3
236,0.139103,1.43059,0.237367,-0.182419,-32177.3
237,0.139103,1.43059,0.237367,-0.182419,-32177.3
238,0.139103,1.43059,0.237367,-0.182419,-32177.3
239,0.139103,1.43059,0.237367,-0.182419,-32177.3
240,0.139103,2.43059,0.237367,-0.182419,-31614.5
241,0.139103,-0.187441,0.237367,-0.182419,-25648.7
242,0.139103,1.43059,0.237367,-0.182419,-32177.3
243,0.139103,0.812559,0.237367,-0.182419,-31598.2
244,0.139103,1.81256,0.237367,-0.182419,-32103
245,0.139103,1.53558,0.237367,-0.182419,-32180.1
246,0.139103,1.49947,0.237367,-0.182419,-32181.4
247,0.139103,1.49765,0.237367,-0.182419,-32181.4
248,0.139103,1.4971,0.237367,-0.182419,-32181.4
249,0.139103,1.49712,0.237367,-0.182419,-32181.4
250,0.139103,1.49712,0.237367,-0.182419,-32181.4
251,0.139103,1.49712,0.237367,-0.182419,-32181.4
252,0.139103,1.49712,0.237367,-0.182419,-32181.4
253,0.139103,1.49712,0.237367,-0.182419,-32181.4
254,0.139103,1.49712,0.237367,-0.182419,-32181.4
255,0.139103,1.49712,0.237367,-0.182419,-32181.4
256,0.139103,1.49712,0.237367,-0.182419,-32181.4
257,0.139103,1.49712,0.237367,-0.182419,-32181.4
258,0.139103,1.49712,0.237367,-0.182419,-32181.4
259,0.139103,1.49712,0.237367,-0.182419,-32181.4
260,0.139103,1.49712,0.237367,-0.182419,-32181.4
261,0.139103,1.49712,0.237367,-0.182419,-32181.4
262,0.139103,1.49712,1.23737,-0.182419,-22992.6
263,0.139103,1.49712,-1.38067,-0.182419,-32229.6
264,0.139103,1.49712,-0.57591,-0.182419,-31993.9
265,0.139103,1.49712,0.237367,-0.182419,-32181.4
266,0.139103,1.49712,0.619333,-0.182419,-21258.8
267,0.139103,1.49712,-0.0732772,-0.182419,-32099.6
268,0.139103,1.49712,0.0852048,-0.182419,-32153.2
269,0.139103,1.49712,0.348704,-0.182419,-32159.2
270,0.139103,1.49712,0.224755,-0.182419,-32180.9
271,0.139103,1.49712,0.241759,-0.182419,-32181.5
272,0.139103,1.49712,0.245261,-0.182419,-32181.5
273,0.139103,1.49712,0.244988,-0.182419,-32181.5
274,0.139103,1.49712,0.244961,-0.182419,-32181.5
275,0.139103,1.49712,0.244962,-0.182419,-32181.5
276,0.139103,1.49712,0.244962,-0.182419,-32181.5
277,0.139103,1.49712,0.244962,-0.182419,-32181.5
278,0.139103,1.49712,0.244962,-0.182419,-32181.5
279,0.139103,1.49712,0.244962,-0.182419,-32181.5
280,0.139103,1.49712,0.244962,-0.182419,-32181.5
281,0.139103,1.49712,0.244962,-0.182419,-32181.5
282,0.139103,1.49712,0.244962,-0.182419,-32181.5
283,0.139103,1.49712,0.244962,-0.182419,-32181.5
284,0.139103,1.49712,0.244962,-0.182419,-32181.5
285,0.139103,1.49712,0.244962,-0.182419,-32181.5
286,0.139103,1.49712,0.244962,-0.182419,-32181.5
287,0.139103,1.49712,0.244962,-0.182419,-32181.5
288,0.139103,1.49712,0.244962,-0.182419,-32181.5
289,0.139103,1.49712,0.244962,-0.182419,-32181.5
290,0.139103,1.49712,0.244962,-0.182419,-32181.5
291,0.139103,1.49712,0.244962,-0.182419,-32181.5
292,0.139103,1.49712,0.244962,-0.182419,-32181.5
293,0.139103,1.49712,0.244962,-0.182419,-32181.5
294,0.139103,1.49712,0.244962,0.817581,-30977.1
295,0.139103,1.49712,0.244962,-1.80045,nan
296,0.139103,1.49712,0.244962,-0.182419,-32181.5
297,0.139103,1.49712,0.244962,-0.800453,-10470.6
298,0.139103,1.49712,0.244962,0.199547,-32030.2
299,0.139103,1.49712,0.244962,0.00299013,-32142.9
300,0.139103,1.49712,0.244962,-0.198493,-32180.7
301,0.139103,1.49712,0.244962,-0.171091,-32181.6
302,0.139103,1.49712,0.244962,-0.174137,-32181.6
303,0.139103,1.49712,0.244962,-0.174061,-32181.6
304,0.139103,1.49712,0.244962,-0.174075,-32181.6
305,0.139103,1.49712,0.244962,-0.174075,-32181.6
306,0.139103,1.49712,0.244962,-0.174075,-32181.6
307,0.139103,1.49712,0.244962,-0.174075,-32181.6
308,0.139103,1.49712,0.244962,-0.174075,-32181.6
309,0.139103,1.49712,0.244962,-0.174075,-32181.6
310,0.139103,1.49712,0.244962,-0.174075,-32181.6
311,0.139103,1.49712,0.244962,-0.174075,-32181.6
312,0.139103,1.49712,0.244962,-0.174075,-32181.6
313,0.139103,1.49712,0.244962,-0.174075,-32181.6
314,0.139103,1.49712,0.244962,-0.174075,-32181.6
315,0.139103,1.49712,0.244962,-0.174075,-32181.6
316,0.139103,1.49712,0.244962,-0.174075,-32181.6
317,0.139103,1.49712,0.244962,-0.174075,-32181.6
318,0.139103,1.49712,0.244962,-0.174075,-32181.6
319,0.141656,1.56364,0.252557,-0.165732,-32184.1
320,0.139103,1.49712,0.244962,-0.174075,-32181.6
321,0.141656,1.56364,0.252557,-0.165732,-32184.1
322,0.145788,1.67129,0.264847,-0.152231,-32183.3
323,0.141656,1.56364,0.252557,-0.165732,-32184.1
324,0.143235,1.60476,0.257252,-0.160575,-32184.4
325,0.14421,1.63017,0.260153,-0.157388,-32184.2
326,0.143147,1.60249,0.256992,-0.16086,-32184.4
327,0.143132,1.60208,0.256946,-0.160911,-32184.4
328,0.143133,1.60211,0.256949,-0.160907,-32184.4
329,0.143133,1.60211,0.256949,-0.160907,-32184.4
330,0.143133,1.60211,0.256949,-0.160907,-32184.4
331,0.143133,1.60211,0.256949,-0.160907,-32184.4
332,0.143133,1.60211,0.256949,-0.160907,-32184.4
333,0.143133,1.60211,0.256949,-0.160907,-32184.4
334,0.143133,1.60211,0.256949,-0.160907,-32184.4
335,0.143133,1.60211,0.256949,-0.160907,-32184.4
336,0.143133,1.60211,0.256949,-0.160907,-32184.4
337,0.143133,1.60211,0.256949,-0.160907,-32184.4
338,0.143133,1.60211,0.256949,-0.160907,-32184.4
339,0.143133,1.60211,0.256949,-0.160907,-32184.4
340,0.143133,1.60211,0.256949,-0.160907,-32184.4
341,1.14313,1.60211,0.256949,-0.160907,-26784.4
342,-1.4749,1.60211,0.256949,-0.160907,344206
343,0.143133,1.60211,0.256949,-0.160907,-32184.4
344,-0.474901,1.60211,0.256949,-0.160907,166539
345,0.525099,1.60211,0.256949,-0.160907,-29676.3
346,0.324109,1.60211,0.256949,-0.160907,-31103.9
347,-0.092935,1.60211,0.256949,-0.160907,63028.2
348,0.052963,1.60211,0.256949,-0.160907,-12621.9
349,0.21226,1.60211,0.256949,-0.160907,-31949.7
350,0.103954,1.60211,0.256949,-0.160907,-31745.3
351,0.165106,1.60211,0.256949,-0.160907,-32178.7
352,0.152172,1.60211,0.256949,-0.160907,-32194.6
353,0.152915,1.60211,0.256949,-0.160907,-32194.6
354,0.152372,1.60211,0.256949,-0.160907,-32194.7
355,0.152356,1.60211,0.256949,-0.160907,-32194.7
356,0.152355,1.60211,0.256949,-0.160907,-32194.7
357,0.152355,1.60211,0.256949,-0.160907,-32194.7
358,0.152355,1.60211,0.256949,-0.160907,-32194.7
359,0.152355,1.60211,0.256949,-0.160907,-32194.7
360,0.152355,1.60211,0.256949,-0.160907,-32194.7
361,0.152355,1.60211,0.256949,-0.160907,-32194.7
362,0.152355,1.60211,0.256949,-0.160907,-32194.7
363,0.152355,1.60211,0.256949,-0.160907,-32194.7
364,0.152355,1.60211,0.256949,-0.160907,-32194.7
365,0.152355,1.60211,0.256949,-0.160907,-32194.7
366,0.152355,1.60211,0.256949,-0.160907,-32194.7
367,0.152355,1.60211,0.256949,0.839093,-30761.1
368,0.152355,1.60211,0.256949,-1.77894,nan
369,0.152355,1.60211,0.256949,-0.160907,-32194.7
370,0.152355,1.60211,0.256949,-0.778941,-11637
371,0.152355,1.60211,0.256949,0.221059,-32002.5
372,0.152355,1.60211,0.256949,0.022626,-32133.3
373,0.152355,1.60211,0.256949,-0.265442,-32193.8
374,0.152355,1.60211,0.256949,-0.209821,-32198.3
375,0.152355,1.60211,0.256949,-0.210502,-32198.3
376,0.152355,1.60211,0.256949,-0.212309,-32198.3
377,0.152355,1.60211,0.256949,-0.212185,-32198.3
378,0.152355,1.60211,0.256949,-0.212183,-32198.3
379,0.152355,1.60211,0.256949,-0.212183,-32198.3
380,0.152355,1.60211,0.256949,-0.212183,-32198.3
381,0.152355,1.60211,0.256949,-0.212183,-32198.3
382,0.152355,1.60211,0.256949,-0.212183,-32198.3
383,0.152355,1.60211,0.256949,-0.212183,-32198.3
384,0.152355,1.60211,0.256949,-0.212183,-32198.3
385,0.152355,1.60211,0.256949,-0.212183,-32198.3
386,0.152355,1.60211,0.256949,-0.212183,-32198.3
387,0.152355,1.60211,0.256949,-0.212183,-32198.3
388,0.152355,1.60211,0.256949,-0.212183,-32198.3
389,0.152355,1.60211,0.256949,-0.212183,-32198.3
390,0.152355,1.60211,0.256949,-0.212183,-32198.3
391,0.152355,1.60211,1.25695,-0.212183,6480.33
392,0.152355,1.60211,-1.36109,-0.212183,-32115.3
393,0.152355,1.60211,0.256949,-0.212183,-32198.3
394,0.152355,1.60211,-0.361085,-0.212183,-31969.8
395,0.152355,1.60211,0.638915,-0.212183,-19949.7
396,0.152355,1.60211,-0.0463687,-0.212183,-32103.4
397,0.152355,1.60211,0.402847,-0.212183,-32145.6
398,0.152355,1.60211,0.209579,-0.212183,-32193.8
399,0.152355,1.60211,0.253536,-0.212183,-32198.2
400,0.152355,1.60211,0.263949,-0.212183,-32198.4
401,0.152355,1.60211,0.262924,-0.212183,-32198.4
402,0.152355,1.60211,0.262869,-0.212183,-32198.4
403,0.152355,1.60211,0.262877,-0.212183,-32198.4
404,0.152355,1.60211,0.262877,-0.212183,-32198.4
405,0.152355,1.60211,0.262877,-0.212183,-32198.4
406,0.152355,1.60211,0.262877,-0.212183,-32198.4
407,0.152355,1.60211,0.262877,-0.212183,-32198.4
408,0.152355,1.60211,0.262877,-0.212183,-32198.4
409,0.152355,1.60211,0.262877,-0.212183,-32198.4
410,0.152355,1.60211,0.262877,-0.212183,-32198.4
411,0.152355,1.60211,0.262877,-0.212183,-32198.4
412,0.152355,1.60211,0.262877,-0.212183,-32198.4
413,0.152355,1.60211,0.262877,-0.212183,-32198.4
414,0.152355,1.60211,0.262877,-0.212183,-32198.4
415,0.152355,1.60211,0.262877,-0.212183,-32198.4
416,0.152355,1.60211,0.262877,-0.212183,-32198.4
417,0.152355,1.60211,0.262877,-0.212183,-32198.4
418,0.152355,1.60211,0.262877,-0.212183,-32198.4
419,0.156385,1.7071,0.274864,-0.199015,-32203.9
420,0.162906,1.87698,0.294259,-0.177709,-32202.9
421,0.156385,1.7071,0.274864,-0.199015,-32203.9
422,0.158876,1.77199,0.282272,-0.190877,-32204.8
423,0.160416,1.81209,0.286851,-0.185847,-32204.5
424,0.159002,1.77527,0.282647,-0.190465,-32204.8
425,0.158974,1.77453,0.282563,-0.190558,-32204.8
426,0.158973,1.77451,0.28256,-0.19056,-32204.8
427,0.158973,1.77451,0.28256,-0.19056,-32204.8
428,0.158973,1.77451,0.28256,-0.19056,-32204.8
429,0.158973,1.77451,0.28256,-0.19056,-32204.8
430,0.158973,1.77451,0.28256,-0.19056,-32204.8
431,0.158973,1.77451,0.28256,-0.19056,-32204.8
432,0.158973,1.77451,0.28256,-0.19056,-32204.8
433,0.158973,1.77451,0.28256,-0.19056,-32204.8
434,0.158973,1.77451,0.28256,-0.19056,-32204.8
435,0.158973,1.77451,0.28256,-0.19056,-32204.8
436,0.158973,1.77451,0.28256,-0.19056,-32204.8
437,0.158973,1.77451,0.28256,-0.19056,-32204.8
438,0.178843,2.05191,0.320159,-0.207046,-32220
439,0.158973,1.77451,0.28256,-0.19056,-32204.8
440,0.178843,2.05191,0.320159,-0.207046,-32220
441,0.210994,2.50074,0.380994,-0.233719,-32231.8
442,0.218898,2.61108,0.39595,-0.240277,-32232.3
443,0.263015,3.22696,0.479428,-0.276878,-32211.3
444,0.218898,2.61108,0.39595,-0.240277,-32232.3
445,0.235749,2.84632,0.427836,-0.254257,-32229.5
446,0.225335,2.70093,0.408129,-0.245617,-32231.8
447,0.218554,2.60627,0.395299,-0.239991,-32232.3
448,0.218312,2.60289,0.39484,-0.23979,-32232.3
449,0.218301,2.60275,0.394821,-0.239782,-32232.3
450,0.218301,2.60274,0.39482,-0.239781,-32232.3
451,0.218301,2.60274,0.39482,-0.239781,-32232.3
452,0.218301,2.60275,0.394821,-0.239781,-32232.3
453,0.218301,2.60275,0.39482,-0.239781,-32232.3
454,0.218301,2.60275,0.39482,-0.239781,-32232.3
455,0.218301,2.60275,0.39482,-0.239781,-32232.3
456,0.218301,2.60275,0.39482,-0.239781,-32232.3
457,0.218301,2.60275,0.39482,-0.239781,-32232.3
458,0.218301,2.60275,0.39482,-0.239781,-32232.3
459,0.218301,2.60275,0.39482,-0.239781,-32232.3
460,0.218301,2.60275,0.39482,-0.239781,-32232.3
461,0.218301,2.60275,0.39482,-0.239781,-32232.3
462,0.222331,2.70774,0.406807,-0.226614,-32226.5
463,0.21178,2.43287,0.375425,-0.261087,-32238.8
464,0.203188,2.20904,0.349871,-0.289159,-32240.4
465,0.201229,2.15799,0.344043,-0.295561,-32239.4
466,0.203188,2.20904,0.349871,-0.289159,-32240.4
467,0.20647,2.29453,0.359632,-0.278437,-32240.9
468,0.208498,2.34737,0.365664,-0.27181,-32240.5
469,0.205883,2.27924,0.357886,-0.280354,-32240.9
470,0.205816,2.27749,0.357686,-0.280575,-32240.9
471,0.20583,2.27785,0.357727,-0.280529,-32240.9
472,0.20583,2.27786,0.357728,-0.280528,-32240.9
473,0.20583,2.27786,0.357728,-0.280528,-32240.9
474,0.20585,2.27839,0.357788,-0.280462,-32240.9
475,0.205838,2.27806,0.357751,-0.280503,-32240.9
476,0.205833,2.27793,0.357736,-0.280519,-32240.9
477,0.205831,2.27788,0.357731,-0.280525,-32240.9
478,0.20583,2.27787,0.357729,-0.280527,-32240.9
479,0.20583,2.27786,0.357728,-0.280528,-32240.9
480,0.20583,2.27786,0.357728,-0.280528,-32240.9
481,0.20583,2.27786,0.357728,-0.280528,-32240.9
482,0.20583,2.27786,0.357728,-0.280528,-32240.9
483,0.20583,2.27786,0.357728,-0.280528,-32240.9
484,0.20583,2.27786,0.357728,-0.280528,-32240.9
485,0.20583,2.27786,0.357728,-0.280528,-32240.9
486,0.20583,2.27786,0.357728,-0.280528,-32240.9
487,0.20583,2.27786,0.357728,-0.280528,-32240.9
488,0.20583,2.27786,0.357728,-0.280528,-32240.9
489,0.20583,2.27786,0.357728,0.719472,59980.1
490,0.20583,2.27786,0.357728,-1.89856,nan
491,0.20583,2.27786,0.357728,-0.280528,-32240.9
492,0.20583,2.27786,0.357728,-0.898562,32049.4
493,0.20583,2.27786,0.357728,0.101438,-32078.7
494,0.20583,2.27786,0.357728,-0.0915786,-32218.5
495,0.20583,2.27786,0.357728,-0.223479,-32250.5
496,0.20583,2.27786,0.357728,-0.213319,-32250.5
497,0.20583,2.27786,0.357728,-0.219286,-32250.6
498,0.20583,2.27786,0.357728,-0.219385,-32250.6
499,0.20583,2.27786,0.357728,-0.219403,-32250.6
500,0.20583,2.27786,0.357728,-0.219404,-32250.6
501,0.20583,2.27786,0.357728,-0.219404,-32250.6
502,0.20583,2.27786,0.357728,-0.22096,-32250.5
503,0.20583,2.27786,0.357728,-0.219998,-32250.6
504,0.20583,2.27786,0.357728,-0.219631,-32250.6
505,0.20583,2.27786,0.357728,-0.219491,-32250.6
506,0.20583,2.27786,0.357728,-0.219437,-32250.6
507,0.20583,2.27786,0.357728,-0.219416,-32250.6
508,0.20583,2.27786,0.357728,-0.219409,-32250.6
509,0.20583,2.27786,0.357728,-0.219406,-32250.6
510,0.20583,2.27786,0.357728,-0.219404,-32250.6
511,0.20583,2.27786,0.357728,-0.219404,-32250.6
512,0.20583,2.27786,0.357728,-0.219404,-32250.6
513,0.20583,2.27786,0.357728,-0.219404,-32250.6
514,0.20583,2.27786,0.357728,-0.219404,-32250.6
515,0.20583,2.27786,0.357728,-0.219404,-32250.6
516,0.20583,2.27786,0.357728,-0.219404,-32250.6
517,0.20583,2.27786,0.357728,-0.219404,-32250.6
518,0.20583,2.27786,0.357728,-0.219404,-32250.6
519,0.20583,2.27786,0.357728,-0.219404,-32250.6
520,0.20583,2.27786,1.35773,-0.219404,11056.2
521,0.20583,2.27786,-1.26031,-0.219404,-31780.5
522,0.20583,2.27786,0.357728,-0.219404,-32250.6
523,0.20583,2.27786,-0.260306,-0.219404,-31997
524,0.20583,2.27786,0.739694,-0.219404,-29046.3
525,0.20583,2.27786,0.0720212,-0.219404,-32168.7
526,0.20583,2.27786,0.503626,-0.219404,-32205.5
527,0.20583,2.27786,0.31867,-0.219404,-32248
528,0.20583,2.27786,0.354533,-0.219404,-32250.5
529,0.20583,2.27786,0.361509,-0.219404,-32250.6
530,0.20583,2.27786,0.361073,-0.219404,-32250.6
531,0.20583,2.27786,0.361054,-0.219404,-32250.6
532,0.20583,2.27786,0.361055,-0.219404,-32250.6
533,0.20583,2.27786,0.361055,-0.219404,-32250.6
534,0.20583,2.27786,0.361055,-0.219404,-32250.6
535,0.20583,2.27786,0.361055,-0.219404,-32250.6
536,0.20583,2.27786,0.361055,-0.219404,-32250.6
537,0.20583,2.27786,0.361055,-0.219404,-32250.6
538,0.20583,2.27786,0.361055,-0.219404,-32250.6
539,0.20583,2.27786,0.361055,-0.219404,-32250.6
540,0.20583,2.27786,0.361055,-0.219404,-32250.6
541,0.20583,2.27786,0.361055,-0.219404,-32250.6
542,0.20583,2.27786,0.361055,-0.219404,-32250.6
543,0.20583,2.27786,0.361055,-0.219404,-32250.6
544,0.20583,2.27786,0.361055,-0.219404,-32250.6
545,0.20583,2.27786,0.361055,-0.219404,-32250.6
546,0.20583,2.27786,0.361055,-0.219404,-32250.6
547,0.20583,2.27786,0.361055,-0.219404,-32250.6
548,0.20583,2.27786,0.361055,-0.219404,-32250.6
549,0.20583,2.27786,0.361055,-0.219404,-32250.6
550,0.265158,3.10609,0.473315,-0.268625,-32254.1
551,0.361153,4.4462,0.654956,-0.348266,-15594.8
552,0.265158,3.10609,0.473315,-0.268625,-32254.1
553,0.301825,3.61796,0.542696,-0.299045,-32211.4
554,0.242497,2.78973,0.430436,-0.249824,-32260.9
555,0.243414,2.80254,0.432172,-0.250585,-32260.9
556,0.239996,2.75481,0.425703,-0.247749,-32261
557,0.239712,2.75085,0.425166,-0.247514,-32261
558,0.239694,2.75061,0.425132,-0.247499,-32261
559,0.239693,2.75059,0.42513,-0.247498,-32261
560,0.239693,2.75059,0.42513,-0.247498,-32261
561,0.239693,2.75059,0.42513,-0.247498,-32261
562,0.239693,2.75059,0.42513,-0.247498,-32261
563,0.239693,2.75059,0.42513,-0.247498,-32261
564,0.239693,2.75059,0.42513,-0.247498,-32261
565,0.239693,2.75059,0.42513,-0.247498,-32261
566,0.239693,2.75059,0.42513,-0.247498,-32261
567,0.239693,2.75059,0.42513,-0.247498,-32261
568,0.239693,2.75059,0.42513,-0.247498,-32261
569,0.320412,3.72666,0.567699,-0.304435,-32231.6
570,0.239693,2.75059,0.42513,-0.247498,-32261
571,0.243723,2.85558,0.437117,-0.23433,-32258
572,0.233172,2.58071,0.405735,-0.268804,-32262.9
573,0.233169,2.58063,0.405726,-0.268813,-32262.9
574,0.233172,2.58071,0.405735,-0.268804,-32262.9
575,0.235663,2.6456,0.413143,-0.260666,-32262.6
576,0.234123,2.60549,0.408564,-0.265695,-32262.9
577,0.233457,2.58814,0.406584,-0.267871,-32262.9
578,0.233462,2.58826,0.406597,-0.267856,-32262.9
579,0.233461,2.58823,0.406594,-0.26786,-32262.9
580,0.233461,2.58823,0.406594,-0.26786,-32262.9
581,0.233459,2.5882,0.40659,-0.267864,-32262.9
582,0.23346,2.58822,0.406592,-0.267862,-32262.9
583,0.233461,2.58823,0.406593,-0.26786,-32262.9
584,0.233461,2.58823,0.406594,-0.26786,-32262.9
585,0.233461,2.58823,0.406594,-0.26786,-32262.9
586,0.233461,2.58823,0.406594,-0.26786,-32262.9
587,0.233461,2.58823,0.406594,-0.26786,-32262.9
588,0.233461,2.58823,0.406594,-0.26786,-32262.9
589,0.233461,2.58823,0.406594,-0.26786,-32262.9
590,0.233461,2.58823,0.406594,-0.26786,-32262.9
591,0.233461,2.58823,0.406594,-0.26786,-32262.9
592,0.233461,2.58823,0.406594,-0.26786,-32262.9
593,0.233461,2.58823,0.406594,-0.26786,-32262.9
594,0.233461,2.58823,0.406594,-0.26786,-32262.9
595,0.233461,2.58823,0.406594,-0.26786,-32262.9
596,0.233461,2.58823,0.406594,0.73214,226449
597,0.233461,2.58823,0.406594,-1.88589,nan
598,0.233461,2.58823,0.406594,-0.26786,-32262.9
599,0.233461,2.58823,0.406594,-0.885894,34871.6
600,0.233461,2.58823,0.406594,0.114106,-32055.9
601,0.233461,2.58823,0.406594,-0.0793589,-32223.9
602,0.233461,2.58823,0.406594,-0.233205,-32268.7
603,0.233461,2.58823,0.406594,-0.215979,-32269
604,0.233461,2.58823,0.406594,-0.222282,-32269.1
605,0.233461,2.58823,0.406594,-0.222074,-32269.1
606,0.233461,2.58823,0.406594,-0.222133,-32269.1
607,0.233461,2.58823,0.406594,-0.222133,-32269.1
608,0.233461,2.58823,0.406594,-0.222133,-32269.1
609,0.233461,2.58823,0.406594,-0.22219,-32269.1
610,0.233461,2.58823,0.406594,-0.222155,-32269.1
611,0.233461,2.58823,0.406594,-0.222141,-32269.1
612,0.233461,2.58823,0.406594,-0.222136,-32269.1
613,0.233461,2.58823,0.406594,-0.222134,-32269.1
614,0.233461,2.58823,0.406594,-0.222134,-32269.1
615,0.233461,2.58823,0.406594,-0.222133,-32269.1
616,0.233461,2.58823,0.406594,-0.222133,-32269.1
617,0.233461,2.58823,0.406594,-0.222133,-32269.1
618,0.233461,2.58823,0.406594,-0.222133,-32269.1
619,0.233461,2.58823,0.406594,-0.222133,-32269.1
620,0.233461,2.58823,0.406594,-0.222133,-32269.1
621,0.233461,2.58823,0.406594,-0.222133,-32269.1
622,0.233461,2.58823,0.406594,-0.222133,-32269.1
623,0.233461,2.58823,0.406594,-0.222133,-32269.1
624,0.233461,2.58823,0.406594,-0.222133,-32269.1
625,0.233461,2.58823,0.406594,-0.222133,-32269.1
626,0.233461,2.58823,0.406594,-0.222133,-32269.1
627,0.233461,2.58823,0.406594,-0.222133,-32269.1
628,0.233461,2.58823,1.40659,-0.222133,14113.6
629,0.233461,2.58823,-1.21144,-0.222133,-31667.4
630,0.233461,2.58823,0.406594,-0.222133,-32269.1
631,0.233461,2.58823,-0.21144,-0.222133,-32020.6
632,0.233461,2.58823,0.78856,-0.222133,-28951.4
633,0.233461,2.58823,0.119697,-0.222133,-32191.2
634,0.233461,2.58823,0.552492,-0.222133,-32227.3
635,0.233461,2.58823,0.368546,-0.222133,-32266.8
636,0.233461,2.58823,0.403169,-0.222133,-32269
637,0.233461,2.58823,0.409493,-0.222133,-32269.1
638,0.233461,2.58823,0.409151,-0.222133,-32269.1
639,0.233461,2.58823,0.409138,-0.222133,-32269.1
640,0.233461,2.58823,0.409139,-0.222133,-32269.1
641,0.233461,2.58823,0.409139,-0.222133,-32269.1
642,0.233461,2.58823,0.409138,-0.222133,-32269.1
643,0.233461,2.58823,0.409139,-0.222133,-32269.1
644,0.233461,2.58823,0.409139,-0.222133,-32269.1
645,0.233461,2.58823,0.409139,-0.222133,-32269.1
646,0.233461,2.58823,0.409139,-0.222133,-32269.1
647,0.233461,2.58823,0.409139,-0.222133,-32269.1
648,0.233461,2.58823,0.409139,-0.222133,-32269.1
649,0.233461,2.58823,0.409139,-0.222133,-32269.1
650,0.233461,2.58823,0.409139,-0.222133,-32269.1
651,0.233461,2.58823,0.409139,-0.222133,-32269.1
652,0.233461,2.58823,0.409139,-0.222133,-32269.1
653,0.233461,2.58823,0.409139,-0.222133,-32269.1
654,0.233461,2.58823,0.409139,-0.222133,-32269.1
655,0.233461,2.58823,0.409139,-0.222133,-32269.1
656,0.233461,2.58823,0.409139,-0.222133,-32269.1
657,0.233461,2.58823,0.409139,-0.222133,-32269.1
658,0.233461,2.58823,0.409139,-0.222133,-32269.1
659,0.233461,2.58823,0.409139,-0.222133,-32269.1
660,0.292789,3.41647,0.521399,-0.271354,-32261.9
661,0.137466,1.24812,0.227498,-0.142492,-32116.1
662,0.233461,2.58823,0.409139,-0.222133,-32269.1
663,0.196794,2.07636,0.339758,-0.191713,-32241.1
664,0.256122,2.90459,0.452018,-0.240934,-32274.8
665,0.259543,2.95235,0.458491,-0.243772,-32274.9
666,0.258733,2.94104,0.456959,-0.2431,-32274.9
667,0.258677,2.94026,0.456853,-0.243054,-32274.9
668,0.258681,2.94031,0.45686,-0.243057,-32274.9
669,0.258681,2.94031,0.45686,-0.243057,-32274.9
670,0.258681,2.94031,0.45686,-0.243057,-32274.9
671,0.25868,2.94029,0.456858,-0.243056,-32274.9
672,0.25868,2.9403,0.456859,-0.243057,-32274.9
673,0.258681,2.94031,0.45686,-0.243057,-32274.9
674,0.258681,2.94031,0.45686,-0.243057,-32274.9
675,0.258681,2.94031,0.45686,-0.243057,-32274.9
676,0.258681,2.94031,0.45686,-0.243057,-32274.9
677,0.258681,2.94031,0.45686,-0.243057,-32274.9
678,0.258681,2.94031,0.45686,-0.243057,-32274.9
679,0.258681,2.94031,0.45686,-0.243057,-32274.9
680,0.258681,2.94031,0.45686,-0.243057,-32274.9
681,0.258681,2.94031,0.45686,-0.243057,-32274.9
682,0.258681,2.94031,0.45686,-0.243057,-32274.9
683,0.277669,3.13004,0.48859,-0.238616,-32286.1
684,0.258681,2.94031,0.45686,-0.243057,-32274.9
685,0.277669,3.13004,0.48859,-0.238616,-32286.1
686,0.308392,3.43702,0.539931,-0.231431,-32300.2
687,0.376804,4.12058,0.654251,-0.215431,-32319.3
688,0.358104,3.93373,0.623002,-0.219804,-32315.3
689,0.376804,4.12058,0.654251,-0.215431,-32319.3
690,0.350673,3.85948,0.610585,-0.221542,-32313.5
691,0.366823,4.02085,0.637572,-0.217765,-32317.3
692,0.372992,4.08248,0.64788,-0.216322,-32318.6
693,0.375348,4.10603,0.651818,-0.215771,-32319
694,0.376248,4.11502,0.653322,-0.215561,-32319.2
695,0.376592,4.11845,0.653896,-0.21548,-32319.3
696,0.376723,4.11977,0.654116,-0.21545,-32319.3
697,0.376773,4.12027,0.654199,-0.215438,-32319.3
698,0.376792,4.12046,0.654231,-0.215434,-32319.3
699,0.3768,4.12053,0.654244,-0.215432,-32319.3
700,0.376803,4.12056,0.654248,-0.215431,-32319.3
701,0.376804,4.12057,0.65425,-0.215431,-32319.3
702,0.376804,4.12057,0.654251,-0.215431,-32319.3
703,0.376804,4.12058,0.654251,-0.215431,-32319.3
704,0.376804,4.12058,0.654251,-0.215431,-32319.3
705,0.376804,4.12058,0.654251,-0.215431,-32319.3
706,0.376804,4.12058,0.654251,-0.215431,-32319.3
707,0.376804,4.12058,0.654251,-0.215431,-32319.3
708,0.376804,4.12058,0.654251,-0.215431,-32319.3
709,0.380834,4.22557,0.666238,-0.202263,-32318.9
710,0.370283,3.9507,0.634856,-0.236737,-32317.6
711,0.376804,4.12058,0.654251,-0.215431,-32319.3
712,0.374313,4.05569,0.646843,-0.223569,-32319
713,0.378344,4.16068,0.65883,-0.210401,-32319.3
714,0.377392,4.13588,0.655999,-0.213511,-32319.3
715,0.377393,4.1359,0.656001,-0.213509,-32319.3
716,0.377393,4.13591,0.656002,-0.213507,-32319.3
717,0.377393,4.13591,0.656002,-0.213507,-32319.3
718,0.377393,4.13591,0.656002,-0.213508,-32319.3
719,0.377393,4.13591,0.656002,-0.213507,-32319.3
720,0.377393,4.13591,0.656002,-0.213507,-32319.3
721,0.377393,4.13591,0.656002,-0.213507,-32319.3
722,0.377393,4.13591,0.656002,-0.213507,-32319.3
723,0.377393,4.13591,0.656002,-0.213507,-32319.3
724,0.377393,4.13591,0.656002,-0.213507,-32319.3
725,0.377393,4.13591,0.656002,-0.213507,-32319.3
726,0.377393,4.13591,0.656002,-0.213507,-32319.3
727,0.377393,4.13591,0.656002,-0.213507,-32319.3
728,0.377393,4.13591,0.656002,-0.213507,-32319.3
729,0.436721,4.96415,0.768262,-0.262728,-32277.5
730,0.281398,2.79581,0.474362,-0.133866,-32243.1
731,0.377393,4.13591,0.656002,-0.213507,-32319.3
732,0.340726,3.62404,0.586622,-0.183087,-32305.5
733,0.400054,4.45227,0.698882,-0.232308,-32315.6
734,0.379681,4.16786,0.660333,-0.215406,-32319.5
735,0.380863,4.18435,0.662567,-0.216386,-32319.5
736,0.38107,4.18724,0.662959,-0.216557,-32319.5
737,0.381058,4.18708,0.662937,-0.216548,-32319.5
738,0.381057,4.18707,0.662936,-0.216547,-32319.5
739,0.381057,4.18707,0.662936,-0.216547,-32319.5
740,0.381058,4.18707,0.662936,-0.216547,-32319.5
741,0.381057,4.18707,0.662936,-0.216547,-32319.5
742,0.381057,4.18707,0.662936,-0.216547,-32319.5
743,0.381057,4.18707,0.662936,-0.216547,-32319.5
744,0.381057,4.18707,0.662936,-0.216547,-32319.5
745,0.381057,4.18707,0.662936,-0.216547,-32319.5
746,0.381057,4.18707,0.662936,-0.216547,-32319.5
747,0.381057,4.18707,0.662936,-0.216547,-32319.5
748,0.381057,4.18707,0.662936,-0.216547,-32319.5
749,0.381057,4.18707,0.662936,-0.216547,-32319.5
750,0.381057,4.18707,0.662936,-0.216547,-32319.5
751,0.381057,4.18707,0.662936,-0.216547,-32319.5
752,0.381057,4.18707,0.662936,-0.216547,-32319.5
753,0.381057,4.18707,0.662936,-0.216547,-32319.5
754,0.381057,4.18707,0.662936,-0.216547,-32319.5
755,0.381057,4.18707,0.662936,-0.216547,-32319.5
756,0.381057,4.18707,0.662936,-0.216547,-32319.5
757,0.381057,4.18707,1.66294,-0.216547,62320.2
758,0.381057,4.18707,-0.955098,-0.216547,-31626.8
759,0.381057,4.18707,0.662936,-0.216547,-32319.5
760,0.381057,4.18707,0.0449022,-0.216547,-32148.9
761,0.381057,4.18707,1.0449,-0.216547,-30088.5
762,0.381057,4.18707,0.376475,-0.216547,-32274.2
763,0.381057,4.18707,0.7421,-0.216547,-32309
764,0.381057,4.18707,0.619175,-0.216547,-32319.4
765,0.381057,4.18707,0.641762,-0.216547,-32319.9
766,0.381057,4.18707,0.641899,-0.216547,-32319.9
767,0.381057,4.18707,0.642266,-0.216547,-32319.9
768,0.381057,4.18707,0.642281,-0.216547,-32319.9
769,0.381057,4.18707,0.642281,-0.216547,-32319.9
770,0.381057,4.18707,0.642281,-0.216547,-32319.9
771,0.381057,4.18707,0.642281,-0.216547,-32319.9
772,0.381057,4.18707,0.642281,-0.216547,-32319.9
773,0.381057,4.18707,0.642281,-0.216547,-32319.9
774,0.381057,4.18707,0.642281,-0.216547,-32319.9
775,0.381057,4.18707,0.642281,-0.216547,-32319.9
776,0.381057,4.18707,0.642281,-0.216547,-32319.9
777,0.381057,4.18707,0.642281,-0.216547,-32319.9
778,0.381057,4.18707,0.642281,-0.216547,-32319.9
779,0.381057,4.18707,0.642281,-0.216547,-32319.9
780,0.381057,4.18707,0.642281,-0.216547,-32319.9
781,0.381057,4.18707,0.642281,-0.216547,-32319.9
782,0.381057,4.18707,0.642281,-0.216547,-32319.9
783,0.381057,4.18707,0.642281,-0.216547,-32319.9
784,0.381057,4.18707,0.642281,-0.216547,-32319.9
785,0.499181,5.36734,0.839672,-0.188921,-32331.6
786,0.690309,7.27704,1.15906,-0.144221,-32326.1
787,0.499181,5.36734,0.839672,-0.188921,-32331.6
788,0.572185,6.09678,0.961666,-0.171847,-32332
789,0.617304,6.5476,1.03706,-0.161295,-32330.5
790,0.544247,5.81763,0.914981,-0.178381,-32332.2
791,0.543393,5.8091,0.913553,-0.178581,-32332.2
792,0.542255,5.79772,0.911651,-0.178847,-32332.2
793,0.542325,5.79842,0.911768,-0.178831,-32332.2
794,0.542326,5.79844,0.911771,-0.17883,-32332.2
795,0.542326,5.79844,0.911771,-0.17883,-32332.2
796,0.542326,5.79843,0.91177,-0.178831,-32332.2
797,0.542326,5.79843,0.91177,-0.178831,-32332.2
798,0.542326,5.79844,0.911771,-0.17883,-32332.2
799,0.542326,5.79844,0.911771,-0.17883,-32332.2
800,0.542326,5.79844,0.911771,-0.17883,-32332.2
801,0.542326,5.79844,0.911771,-0.17883,-32332.2
802,0.542326,5.79844,0.911771,-0.17883,-32332.2
803,0.542326,5.79844,0.911771,-0.17883,-32332.2
804,0.825972,8.65656,1.36668,-0.114604,-32312.1
805,0.542326,5.79844,0.911771,-0.17883,-32332.2
806,0.546357,5.90343,0.923758,-0.165663,-32330.8
807,0.535805,5.62856,0.892375,-0.200136,-32331.8
808,0.542326,5.79844,0.911771,-0.17883,-32332.2
809,0.539836,5.73355,0.904362,-0.186969,-32332.5
810,0.538296,5.69344,0.899784,-0.191998,-32332.4
811,0.539878,5.73464,0.904487,-0.186831,-32332.5
812,0.539882,5.73475,0.9045,-0.186818,-32332.5
813,0.539882,5.73475,0.904499,-0.186818,-32332.5
814,0.539882,5.73475,0.904499,-0.186818,-32332.5
815,0.539882,5.73475,0.9045,-0.186818,-32332.5
816,0.539882,5.73475,0.9045,-0.186818,-32332.5
817,0.539882,5.73475,0.9045,-0.186818,-32332.5
818,0.539882,5.73475,0.9045,-0.186818,-32332.5
819,0.539882,5.73475,0.9045,-0.186818,-32332.5
820,0.539882,5.73475,0.9045,-0.186818,-32332.5
821,0.539882,5.73475,0.9045,-0.186818,-32332.5
822,0.539882,5.73475,0.9045,-0.186818,-32332.5
823,0.539882,5.73475,0.9045,-0.186818,-32332.5
824,0.539882,5.73475,0.9045,-0.186818,-32332.5
825,0.539882,5.73475,0.9045,-0.186818,-32332.5
826,0.539882,5.73475,0.9045,-0.186818,-32332.5
827,0.539882,5.73475,0.9045,-0.186818,-32332.5
828,0.539882,5.73475,0.9045,-0.186818,-32332.5
829,0.539882,5.73475,0.9045,-0.186818,-32332.5
830,0.59921,6.56298,1.01676,-0.236039,-32289.9
831,0.443887,4.39464,0.722859,-0.107177,-32253.1
832,0.539882,5.73475,0.9045,-0.186818,-32332.5
833,0.503215,5.22287,0.835119,-0.156398,-32315.2
834,0.562543,6.05111,0.947379,-0.205619,-32331.1
835,0.547727,5.84428,0.919345,-0.193327,-32333.3
836,0.548362,5.85314,0.920547,-0.193854,-32333.3
837,0.548748,5.85852,0.921276,-0.194174,-32333.3
838,0.548716,5.85808,0.921216,-0.194147,-32333.3
839,0.548715,5.85807,0.921215,-0.194147,-32333.3
840,0.548715,5.85807,0.921215,-0.194147,-32333.3
841,0.548715,5.85807,0.921214,-0.194146,-32333.3
842,0.548715,5.85807,0.921214,-0.194147,-32333.3
843,0.548715,5.85807,0.921215,-0.194147,-32333.3
844,0.548715,5.85807,0.921215,-0.194147,-32333.3
845,0.548715,5.85807,0.921215,-0.194147,-32333.3
846,0.548715,5.85807,0.921215,-0.194147,-32333.3
847,0.548715,5.85807,0.921215,-0.194147,-32333.3
848,0.548715,5.85807,0.921215,-0.194147,-32333.3
849,0.548715,5.85807,0.921215,-0.194147,-32333.3
850,0.548715,5.85807,0.921215,-0.194147,-32333.3
851,0.548715,5.85807,0.921215,-0.194147,-32333.3
852,0.548715,5.85807,1.92121,-0.194147,8501.42
853,0.548715,5.85807,-0.696819,-0.194147,-31848.2
854,0.548715,5.85807,0.921215,-0.194147,-32333.3
855,0.548715,5.85807,0.303181,-0.194147,-32218.3
856,0.548715,5.85807,1.30318,-0.194147,-20871.2
857,0.548715,5.85807,0.615278,-0.194147,-32298.5
858,0.548715,5.85807,1.01407,-0.194147,-32326
859,0.548715,5.85807,0.886516,-0.194147,-32333.1
860,0.548715,5.85807,0.908644,-0.194147,-32333.4
861,0.548715,5.85807,0.909558,-0.194147,-32333.4
862,0.548715,5.85807,0.909732,-0.194147,-32333.4
863,0.548715,5.85807,0.909742,-0.194147,-32333.4
864,0.548715,5.85807,0.909742,-0.194147,-32333.4
865,0.548715,5.85807,0.909742,-0.194147,-32333.4
866,0.548715,5.85807,0.909738,-0.194147,-32333.4
867,0.548715,5.85807,0.909741,-0.194147,-32333.4
868,0.548715,5.85807,0.909742,-0.194147,-32333.4
869,0.548715,5.85807,0.909742,-0.194147,-32333.4
870,0.548715,5.85807,0.909742,-0.194147,-32333.4
871,0.548715,5.85807,0.909742,-0.194147,-32333.4
872,0.548715,5.85807,0.909742,-0.194147,-32333.4
873,0.548715,5.85807,0.909742,-0.194147,-32333.4
874,0.548715,5.85807,0.909742,-0.194147,-32333.4
875,0.548715,5.85807,0.909742,-0.194147,-32333.4
876,0.548715,5.85807,0.909742,-0.194147,-32333.4
877,0.548715,5.85807,0.909742,-0.194147,-32333.4
878,0.548715,5.85807,0.909742,-0.194147,-32333.4
879,0.548715,5.85807,0.909742,-0.194147,-32333.4
880,0.548715,5.85807,0.909742,-0.194147,-32333.4
881,0.548715,5.85807,0.909742,-0.194147,-32333.4
882,0.548715,5.85807,0.909742,-0.194147,-32333.4
883,0.548715,5.85807,0.909742,-0.194147,-32333.4
884,0.548715,5.85807,0.909742,-0.194147,-32333.4
885,0.666839,7.03834,1.10713,-0.166521,-32330.8
886,0.357588,3.94836,0.590357,-0.238847,-32314.4
887,0.548715,5.85807,0.909742,-0.194147,-32333.4
888,0.475711,5.12863,0.787748,-0.211221,-32330.9
889,0.593835,6.30889,0.985139,-0.183594,-32333.2
890,0.564583,6.01662,0.936258,-0.190436,-32333.4
891,0.563359,6.00438,0.934212,-0.190722,-32333.4
892,0.563035,6.00115,0.933671,-0.190798,-32333.4
893,0.563012,6.00092,0.933632,-0.190803,-32333.4
894,0.563012,6.00092,0.933633,-0.190803,-32333.4
895,0.563013,6.00093,0.933634,-0.190803,-32333.4
896,0.563012,6.00092,0.933633,-0.190803,-32333.4
897,0.563012,6.00092,0.933633,-0.190803,-32333.4
898,0.563012,6.00092,0.933633,-0.190803,-32333.4
899,0.563012,6.00092,0.933633,-0.190803,-32333.4
900,0.563012,6.00092,0.933633,-0.190803,-32333.4
901,0.563012,6.00092,0.933633,-0.190803,-32333.4
902,0.563012,6.00092,0.933633,-0.190803,-32333.4
903,0.563012,6.00092,0.933633,-0.190803,-32333.4
904,0.563012,6.00092,0.933633,-0.190803,-32333.4
905,0.563012,6.00092,0.933633,-0.190803,-32333.4
906,0.563012,6.00092,0.933633,-0.190803,-32333.4
907,0.563012,6.00092,0.933633,-0.190803,-32333.4
908,0.563012,6.00092,0.933633,-0.190803,-32333.4
909,0.563012,6.00092,0.933633,-0.190803,-32333.4
910,0.583699,6.20341,0.955496,-0.202776,-32332.7
911,0.563012,6.00092,0.933633,-0.190803,-32333.4
912,0.567043,6.10592,0.94562,-0.177635,-32333.2
913,0.556491,5.83104,0.914238,-0.212109,-32331.1
914,0.563012,6.00092,0.933633,-0.190803,-32333.4
915,0.560522,5.93604,0.926225,-0.198941,-32332.9
916,0.564552,6.04103,0.938212,-0.185773,-32333.5
917,0.564364,6.03614,0.937653,-0.186387,-32333.5
918,0.56436,6.03604,0.937643,-0.186399,-32333.5
919,0.564361,6.03605,0.937643,-0.186398,-32333.5
920,0.564361,6.03605,0.937643,-0.186398,-32333.5
921,0.564361,6.03605,0.937643,-0.186398,-32333.5
922,0.564361,6.03605,0.937643,-0.186398,-32333.5
923,0.564361,6.03605,0.937643,-0.186398,-32333.5
924,0.564361,6.03605,0.937643,-0.186398,-32333.5
925,0.564361,6.03605,0.937643,-0.186398,-32333.5
926,0.564361,6.03605,0.937643,-0.186398,-32333.5
927,0.564361,6.03605,0.937643,-0.186398,-32333.5
928,0.564361,6.03605,0.937643,-0.186398,-32333.5
929,0.564361,6.03605,0.937643,-0.186398,-32333.5
930,0.564361,6.03605,0.937643,-0.186398,-32333.5
931,0.623689,6.86428,1.0499,-0.235619,-32277.6
932,0.468366,4.69594,0.756003,-0.106757,-32260.9
933,0.564361,6.03605,0.937643,-0.186398,-32333.5
934,0.527694,5.52417,0.868263,-0.155978,-32318.7
935,0.587022,6.3524,0.980523,-0.205199,-32330
936,0.56747,6.07945,0.943526,-0.188977,-32333.7
937,0.56889,6.09928,0.946213,-0.190156,-32333.7
938,0.569235,6.1041,0.946867,-0.190442,-32333.7
939,0.569208,6.10371,0.946815,-0.190419,-32333.7
940,0.569206,6.10369,0.946812,-0.190418,-32333.7
941,0.569206,6.1037,0.946812,-0.190418,-32333.7
942,0.569207,6.1037,0.946813,-0.190418,-32333.7
943,0.569206,6.1037,0.946813,-0.190418,-32333.7
944,0.569206,6.1037,0.946813,-0.190418,-32333.7
945,0.569206,6.10369,0.946812,-0.190418,-32333.7
946,0.569206,6.1037,0.946813,-0.190418,-32333.7
947,0.569206,6.1037,0.946812,-0.190418,-32333.7
948,0.569206,6.1037,0.946813,-0.190418,-32333.7
949,0.569206,6.1037,0.946813,-0.190418,-32333.7
950,0.569206,6.1037,0.946813,-0.190418,-32333.7
951,0.569206,6.1037,0.946813,-0.190418,-32333.7
952,0.569206,6.1037,0.946813,-0.190418,-32333.7
953,0.569206,6.1037,0.946813,-0.190418,-32333.7
954,0.569206,6.1037,0.946813,-0.190418,-32333.7
955,0.569206,6.1037,0.946813,-0.190418,-32333.7
956,0.569206,6.1037,1.94681,-0.190418,-5680.6
957,0.569206,6.1037,-0.671221,-0.190418,-31867.8
958,0.569206,6.1037,0.946813,-0.190418,-32333.7
959,0.569206,6.1037,0.328779,-0.190418,-32223.4
960,0.569206,6.1037,1.32878,-0.190418,-20900
961,0.569206,6.1037,0.64076,-0.190418,-32300
962,0.569206,6.1037,1.04465,-0.190418,-32326.7
963,0.569206,6.1037,0.915696,-0.190418,-32333.5
964,0.569206,6.1037,0.937468,-0.190418,-32333.8
965,0.569206,6.1037,0.938663,-0.190418,-32333.8
966,0.569206,6.1037,0.938773,-0.190418,-32333.8
967,0.569206,6.1037,0.938781,-0.190418,-32333.8
968,0.569206,6.1037,0.938781,-0.190418,-32333.8
969,0.569206,6.1037,0.938782,-0.190418,-32333.8
970,0.569206,6.1037,0.938781,-0.190418,-32333.8
971,0.569206,6.1037,0.938781,-0.190418,-32333.8
972,0.569206,6.1037,0.938781,-0.190418,-32333.8
973,0.569206,6.1037,0.938781,-0.190418,-32333.8
974,0.569206,6.1037,0.938781,-0.190418,-32333.8
975,0.569206,6.1037,0.938781,-0.190418,-32333.8
976,0.569206,6.1037,0.938781,-0.190418,-32333.8
977,0.569206,6.1037,0.938781,-0.190418,-32333.8
978,0.569206,6.1037,0.938781,-0.190418,-32333.8
979,0.569206,6.1037,0.938781,-0.190418,-32333.8
980,0.569206,6.1037,0.938781,-0.190418,-32333.8
981,0.68733,7.28396,1.13617,-0.162792,-32330.5
982,0.378079,4.19399,0.619396,-0.235118,-32317.8
983,0.569206,6.1037,0.938781,-0.190418,-32333.8
984,0.496202,5.37425,0.816787,-0.207492,-32332
985,0.614326,6.55452,1.01418,-0.179866,-32333.3
986,0.572994,6.14154,0.945111,-0.189532,-32333.8
987,0.57017,6.11333,0.940392,-0.190193,-32333.8
988,0.570233,6.11395,0.940496,-0.190178,-32333.8
989,0.57023,6.11392,0.940492,-0.190179,-32333.8
990,0.57023,6.11392,0.940492,-0.190179,-32333.8
991,0.570231,6.11393,0.940493,-0.190179,-32333.8
992,0.570231,6.11394,0.940494,-0.190178,-32333.8
993,0.570231,6.11393,0.940493,-0.190179,-32333.8
994,0.570231,6.11393,0.940494,-0.190179,-32333.8
995,0.570231,6.11393,0.940493,-0.190179,-32333.8
996,0.570231,6.11393,0.940493,-0.190179,-32333.8
997,0.570231,6.11393,0.940493,-0.190179,-32333.8
998,0.570231,6.11393,0.940493,-0.190179,-32333.8
999,0.570231,6.11393,0.940493,-0.190179,-32333.8
1000,0.570231,6.11393,0.940493,-0.190179,-32333.8
1001,0.570231,6.11393,0.940493,-0.190179,-32333.8
1002,0.570231,6.11393,0.940493,-0.190179,-32333.8
1003,0.570231,6.11393,0.940493,-0.190179,-32333.8
1004,0.570231,6.11393,0.940493,-0.190179,-32333.8
1005,0.570231,6.11393,0.940493,-0.190179,-32333.8
1006,0.570231,6.11393,0.940493,-0.190179,-32333.8
1007,0.570231,6.11393,0.940493,-0.190179,-32333.8
1008,0.570231,6.11393,0.940493,-0.190179,-32333.8
1009,0.570231,6.11393,0.940493,-0.190179,-32333.8
1010,0.570231,6.11393,0.940493,-0.190179,-32333.8
1011,0.570231,6.11393,0.940493,-0.190179,-32333.8
1012,0.570231,6.11393,0.940493,-0.190179,-32333.8
1013,0.570231,6.11393,0.940493,-0.190179,-32333.8
1014,0.570231,6.11393,0.940493,-0.190179,-32333.8
1015,0.577449,6.22693,0.947353,-0.189554,-32334
1016,0.570231,6.11393,0.940493,-0.190179,-32333.8
1017,0.577449,6.22693,0.947353,-0.189554,-32334
1018,0.589128,6.40978,0.958452,-0.188544,-32334
1019,0.583451,6.32089,0.953056,-0.189035,-32334
1020,0.583451,6.32089,0.953056,-0.189035,-32334
1021,0.581158,6.285,0.950878,-0.189233,-32334
1022,0.585619,6.35485,0.955117,-0.188847,-32334
1023,0.583407,6.32021,0.953015,-0.189039,-32334
1024,0.583398,6.32007,0.953006,-0.18904,-32334
1025,0.583398,6.32007,0.953007,-0.18904,-32334
1026,0.583398,6.32008,0.953007,-0.18904,-32334
1027,0.583398,6.32007,0.953007,-0.18904,-32334
1028,0.583398,6.32007,0.953007,-0.18904,-32334
1029,0.583398,6.32007,0.953007,-0.18904,-32334
1030,0.583398,6.32007,0.953007,-0.18904,-32334
1031,0.583398,6.32007,0.953007,-0.18904,-32334
1032,0.583398,6.32007,0.953007,-0.18904,-32334
1033,0.583398,6.32007,0.953007,-0.18904,-32334
1034,0.583398,6.32007,0.953007,-0.18904,-32334
1035,0.583398,6.32007,0.953007,-0.18904,-32334
1036,0.583398,6.32007,0.953007,-0.18904,-32334
1037,0.583398,6.32007,0.953007,-0.18904,-32334
1038,0.583398,6.32007,0.953007,-0.18904,-32334
1039,0.583398,6.32007,0.953007,-0.18904,-32334
1040,0.583398,6.32007,0.953007,-0.18904,-32334
1041,0.583398,6.32007,0.953007,-0.18904,-32334
1042,0.587428,6.42507,0.964994,-0.175872,-32333.3
1043,0.576877,6.15019,0.933611,-0.210346,-32332.3
1044,0.583398,6.32007,0.953007,-0.18904,-32334
1045,0.580907,6.25519,0.945598,-0.197178,-32333.8
1046,0.584938,6.36018,0.957585,-0.18401,-32333.9
1047,0.583393,6.31994,0.952992,-0.189056,-32334
1048,0.583396,6.32001,0.953,-0.189047,-32334
1049,0.583396,6.32001,0.953,-0.189047,-32334
1050,0.583397,6.32003,0.953001,-0.189045,-32334
1051,0.583396,6.32002,0.953,-0.189047,-32334
1052,0.583396,6.32002,0.953,-0.189047,-32334
1053,0.583396,6.32001,0.953,-0.189047,-32334
1054,0.583396,6.32001,0.953,-0.189047,-32334
1055,0.583396,6.32001,0.953,-0.189047,-32334
1056,0.583396,6.32001,0.953,-0.189047,-32334
1057,0.583396,6.32001,0.953,-0.189047,-32334
1058,0.583396,6.32001,0.953,-0.189047,-32334
1059,0.583396,6.32001,0.953,-0.189047,-32334
1060,0.583396,6.32001,0.953,-0.189047,-32334
1061,0.583396,6.32001,0.953,-0.189047,-32334
1062,0.583396,6.32001,0.953,-0.189047,-32334
1063,0.583396,6.32001,0.953,-0.189047,-32334
1064,0.701519,7.50028,1.15039,-0.161421,-32330.8
1065,0.392268,4.4103,0.633614,-0.233747,-32318.2
1066,0.583396,6.32001,0.953,-0.189047,-32334
1067,0.510392,5.59057,0.831005,-0.206121,-32332.2
1068,0.628515,6.77083,1.0284,-0.178495,-32333.5
1069,0.587939,6.3654,0.960591,-0.187985,-32334
1070,0.585219,6.33823,0.956046,-0.188621,-32334
1071,0.585248,6.33852,0.956095,-0.188614,-32334
1072,0.585244,6.33848,0.956088,-0.188615,-32334
1073,0.585244,6.33848,0.956088,-0.188615,-32334
1074,0.585246,6.3385,0.956091,-0.188615,-32334
1075,0.585245,6.33849,0.956089,-0.188615,-32334
1076,0.585244,6.33848,0.956089,-0.188615,-32334
1077,0.585244,6.33848,0.956088,-0.188615,-32334
1078,0.585244,6.33848,0.956088,-0.188615,-32334
1079,0.585244,6.33848,0.956088,-0.188615,-32334
1080,0.585244,6.33848,0.956088,-0.188615,-32334
1081,0.585244,6.33848,0.956088,-0.188615,-32334
1082,0.585244,6.33848,0.956088,-0.188615,-32334
1083,0.585244,6.33848,0.956088,-0.188615,-32334
1084,0.585244,6.33848,0.956088,-0.188615,-32334
1085,0.585244,6.33848,0.956088,-0.188615,-32334
1086,0.585244,6.33848,0.956088,-0.188615,-32334
1087,0.585244,6.33848,0.956088,-0.188615,-32334
1088,0.585244,6.33848,0.956088,-0.188615,-32334
1089,0.585244,6.33848,0.956088,-0.188615,-32334
1090,0.585244,6.33848,0.956088,-0.188615,-32334
1091,0.585244,6.33848,0.956088,-0.188615,-32334
1092,0.585244,6.33848,0.956088,-0.188615,-32334
1093,0.585244,6.33848,0.956088,-0.188615,-32334
1094,0.585244,6.33848,0.956088,-0.188615,-32334
1095,0.585244,6.33848,0.956088,-0.188615,-32334
1096,0.585244,6.33848,0.956088,-0.188615,-32334
1097,0.585244,6.33848,1.95609,-0.188615,5315.95
1098,0.585244,6.33848,-0.661946,-0.188615,-31875.3
1099,0.585244,6.33848,0.956088,-0.188615,-32334
1100,0.585244,6.33848,0.338054,-0.188615,-32226
1101,0.585244,6.33848,1.33805,-0.188615,-20791.3
1102,0.585244,6.33848,0.649946,-0.188615,-32300.8
1103,0.585244,6.33848,1.05886,-0.188615,-32327.1
1104,0.585244,6.33848,0.929309,-0.188615,-32333.8
1105,0.585244,6.33848,0.950445,-0.188615,-32334
1106,0.585244,6.33848,0.951919,-0.188615,-32334
1107,0.585244,6.33848,0.95196,-0.188615,-32334
1108,0.585244,6.33848,0.951964,-0.188615,-32334
1109,0.585244,6.33848,0.951964,-0.188615,-32334
1110,0.585244,6.33848,0.95354,-0.188615,-32334
1111,0.585244,6.33848,0.95198,-0.188615,-32334
1112,0.585244,6.33848,0.951964,-0.188615,-32334
1113,0.585244,6.33848,0.951964,-0.188615,-32334
1114,0.585244,6.33848,0.951964,-0.188615,-32334
1115,0.585244,6.33848,0.951964,-0.188615,-32334
1116,0.585244,6.33848,0.951964,-0.188615,-32334
1117,0.585244,6.33848,0.951964,-0.188615,-32334
1118,0.585244,6.33848,0.951964,-0.188615,-32334
1119,0.585244,6.33848,0.951964,-0.188615,-32334
1120,0.585244,6.33848,0.951964,-0.188615,-32334
1121,0.585244,6.33848,0.951964,-0.188615,-32334
1122,0.585244,6.33848,0.951964,-0.188615,-32334
1123,0.585244,6.33848,0.951964,-0.188615,-32334
1124,0.585244,6.33848,0.951964,-0.188615,-32334
1125,0.598412,6.54463,0.964478,-0.187476,-32333.8
1126,0.563939,6.00493,0.931717,-0.190458,-32333.3
1127,0.585244,6.33848,0.951964,-0.188615,-32334
1128,0.577106,6.21108,0.944231,-0.189319,-32333.9
1129,0.590274,6.41722,0.956744,-0.18818,-32334
1130,0.585964,6.34975,0.952649,-0.188553,-32334
1131,0.585907,6.34886,0.952594,-0.188558,-32334
1132,0.585902,6.34878,0.95259,-0.188558,-32334
1133,0.585902,6.34878,0.95259,-0.188558,-32334
1134,0.585902,6.34878,0.95259,-0.188558,-32334
1135,0.585651,6.34485,0.952351,-0.18858,-32334
1136,0.585806,6.34728,0.952498,-0.188566,-32334
1137,0.585866,6.34821,0.952555,-0.188561,-32334
1138,0.585888,6.34856,0.952576,-0.188559,-32334
1139,0.585897,6.3487,0.952585,-0.188559,-32334
1140,0.5859,6.34875,0.952588,-0.188558,-32334
1141,0.585901,6.34877,0.952589,-0.188558,-32334
1142,0.585902,6.34878,0.952589,-0.188558,-32334
1143,0.585902,6.34878,0.95259,-0.188558,-32334
1144,0.585902,6.34878,0.952589,-0.188558,-32334
1145,0.585902,6.34878,0.95259,-0.188558,-32334
1146,0.585902,6.34878,0.95259,-0.188558,-32334
1147,0.585902,6.34878,0.95259,-0.188558,-32334
1148,0.585902,6.34878,0.95259,-0.188558,-32334
1149,0.585902,6.34878,0.95259,-0.188558,-32334
1150,0.585902,6.34878,0.95259,-0.188558,-32334
1151,0.585902,6.34878,0.95259,-0.188558,-32334
1152,0.585902,6.34878,0.95259,-0.188558,-32334
1153,0.585902,6.34878,0.95259,-0.188558,-32334
1154,0.585902,6.34878,0.95259,-0.188558,-32334
1155,0.585902,6.34878,0.95259,-0.188558,-32334
1156,0.585902,6.34878,0.95259,-0.188558,-32334
1157,0.585902,6.34878,0.95259,-0.188558,-32334
1158,0.585902,6.34878,0.95259,-0.188558,-32334
1159,0.585902,6.34878,0.95259,-0.188558,-32334
1160,0.585902,6.34878,0.95259,-0.188558,-32334
